curso,disciplina,area,ano,tipo,semestre,ch,turmas,professores
Téc. Meio Ambiente (EMI),Ecologia Geral,Biologia,1,anual,1,60.0,2.0,1.0
Téc. Meio Ambiente (EMI),"Biologia, Saúde e Ambiente",Biologia,1,anual,1,60.0,2.0,1.0
Téc. Meio Ambiente (EMI),Fundamentos do Desenvolvimento Sustentável,Tec Ambiente,1,anual,1,60.0,2.0,1.0
Téc. Meio Ambiente (EMI),Língua Portuguesa e Literatura,Língua Portuguesa e Literatura,1,anual,1,60.0,2.0,1.0
Téc. Meio Ambiente (EMI),Educação Física,Educação Física,1,anual,1,20.0,2.0,1.0
Téc. Meio Ambiente (EMI),Matemática,Matemática,1,anual,1,60.0,2.0,1.0
Téc. Meio Ambiente (EMI),Física,Física,1,anual,1,40.0,2.0,1.0
Téc. Meio Ambiente (EMI),Química,Química,1,anual,1,40.0,2.0,1.0
Téc. Meio Ambiente (EMI),História,História,1,anual,1,40.0,2.0,1.0
Téc. Meio Ambiente (EMI),Geografia,Geografia,1,anual,1,40.0,2.0,1.0
Téc. Meio Ambiente (EMI),Sociologia,Sociologia,1,anual,1,40.0,2.0,1.0
Téc. Meio Ambiente (EMI),Filosofia,Filosofia,1,anual,1,40.0,2.0,1.0
Téc. Meio Ambiente (EMI),LEM Inglês,LEM Inglês,1,anual,1,60.0,2.0,1.0
Téc. Meio Ambiente (EMI),Prática Profissional I,Tec Ambiente,1,anual,1,40.0,2.0,1.0
Téc. Meio Ambiente (EMI),Noções de Direito Ambiental,Tec Ambiente,1,anual,2,60.0,2.0,1.0
Téc. Meio Ambiente (EMI),Biodiversidade e Ecossistemas,Tec Ambiente,1,anual,2,60.0,2.0,1.0
Téc. Meio Ambiente (EMI),"Ciência, Tecnologia e Sociedade",Tec Ambiente,1,anual,2,40.0,2.0,1.0
Téc. Meio Ambiente (EMI),Artes,Artes,1,anual,2,40.0,2.0,1.0
Téc. Meio Ambiente (EMI),Língua Portuguesa e Literatura,Língua Portuguesa e Literatura,1,anual,2,60.0,2.0,1.0
Téc. Meio Ambiente (EMI),Educação Física,Educação Física,1,anual,2,20.0,2.0,1.0
Téc. Meio Ambiente (EMI),Matemática,Matemática,1,anual,2,60.0,2.0,1.0
Téc. Meio Ambiente (EMI),Física,Física,1,anual,2,60.0,2.0,1.0
Téc. Meio Ambiente (EMI),Química,Química,1,anual,2,40.0,2.0,1.0
Téc. Meio Ambiente (EMI),História,História,1,anual,2,40.0,2.0,1.0
Téc. Meio Ambiente (EMI),Geografia,Geografia,1,anual,2,40.0,2.0,1.0
Téc. Meio Ambiente (EMI),Sociologia,Sociologia,1,anual,2,20.0,2.0,1.0
Téc. Meio Ambiente (EMI),Filosofia,Filosofia,1,anual,2,20.0,2.0,1.0
Téc. Meio Ambiente (EMI),LEM Espanhol,LEM Espanhol,1,anual,2,40.0,2.0,1.0
Téc. Meio Ambiente (EMI),Prática Profissional I,Tec Ambiente,1,anual,2,40.0,2.0,1.0
Téc. Meio Ambiente (EMI),Energias Renováveis,Tec Ambiente,2,anual,1,40.0,1.0,1.0
Téc. Meio Ambiente (EMI),Hidrologia e Gestão de Recursos Hídricos,Tec Ambiente,2,anual,1,60.0,1.0,1.0
Téc. Meio Ambiente (EMI),Redação Técnica e Científica,Tec Ambiente,2,anual,1,40.0,1.0,1.0
Téc. Meio Ambiente (EMI),"Tecnologia da Informação e Desenv, de Tecnologias Sustentáveis",Tec Ambiente,2,anual,1,60.0,1.0,1.0
Téc. Meio Ambiente (EMI),Seres vivos e sustentabilidade,Biologia,2,anual,1,40.0,1.0,1.0
Téc. Meio Ambiente (EMI),Química Ambiental,Tec Ambiente,2,anual,1,40.0,1.0,1.0
Téc. Meio Ambiente (EMI),Língua Portuguesa e Literatura,Língua Portuguesa e Literatura,2,anual,1,40.0,1.0,1.0
Téc. Meio Ambiente (EMI),Educação Física,Educação Física,2,anual,1,20.0,1.0,1.0
Téc. Meio Ambiente (EMI),Matemática,Matemática,2,anual,1,60.0,1.0,1.0
Téc. Meio Ambiente (EMI),Física,Física,2,anual,1,40.0,1.0,1.0
Téc. Meio Ambiente (EMI),Química,Química,2,anual,1,20.0,1.0,1.0
Téc. Meio Ambiente (EMI),História,História,2,anual,1,40.0,1.0,1.0
Téc. Meio Ambiente (EMI),Geografia,Geografia,2,anual,1,40.0,1.0,1.0
Téc. Meio Ambiente (EMI),Sociologia,Sociologia,2,anual,1,40.0,1.0,1.0
Téc. Meio Ambiente (EMI),LEM Inglês,LEM Inglês,2,anual,1,60.0,1.0,1.0
Téc. Meio Ambiente (EMI),Prática Profissional II,Tec Ambiente,2,anual,1,40.0,1.0,1.0
Téc. Meio Ambiente (EMI),Avaliação e Estudos de Impacto Ambiental,Tec Ambiente,2,anual,2,60.0,1.0,1.0
Téc. Meio Ambiente (EMI),Seres vivos e sustentabilidade,Biologia,2,anual,2,40.0,1.0,1.0
Téc. Meio Ambiente (EMI),Cartografia e Geoprocessamento,Tec Ambiente,2,anual,2,80.0,1.0,1.0
Téc. Meio Ambiente (EMI),Química Ambiental,Tec Ambiente,2,anual,2,40.0,1.0,1.0
Téc. Meio Ambiente (EMI),Artes,Artes,2,anual,2,40.0,1.0,1.0
Téc. Meio Ambiente (EMI),Língua Portuguesa e Literatura,Língua Portuguesa e Literatura,2,anual,2,40.0,1.0,1.0
Téc. Meio Ambiente (EMI),Educação Física,Educação Física,2,anual,2,20.0,1.0,1.0
Téc. Meio Ambiente (EMI),Matemática,Matemática,2,anual,2,60.0,1.0,1.0
Téc. Meio Ambiente (EMI),Física,Física,2,anual,2,60.0,1.0,1.0
Téc. Meio Ambiente (EMI),Química,Química,2,anual,2,20.0,1.0,1.0
Téc. Meio Ambiente (EMI),História,História,2,anual,2,40.0,1.0,1.0
Téc. Meio Ambiente (EMI),Geografia,Geografia,2,anual,2,40.0,1.0,1.0
Téc. Meio Ambiente (EMI),Filosofia,Filosofia,2,anual,2,40.0,1.0,1.0
Téc. Meio Ambiente (EMI),LEM Espanhol,LEM Espanhol,2,anual,2,40.0,1.0,1.0
Téc. Meio Ambiente (EMI),Prática Profissional II,Tec Ambiente,2,anual,2,40.0,1.0,1.0
Téc. Meio Ambiente (EMI),Metodologia de Projetos Ambientais,Tec Ambiente,3,anual,1,40.0,2.0,1.0
Téc. Meio Ambiente (EMI),Gestão Ambiental,Tec Ambiente,3,anual,1,60.0,2.0,1.0
Téc. Meio Ambiente (EMI),Saneamento Ambiental I,Tec Ambiente,3,anual,1,60.0,2.0,1.0
Téc. Meio Ambiente (EMI),Estatística Ambiental,Tec Ambiente,3,anual,1,60.0,2.0,1.0
Téc. Meio Ambiente (EMI),Evolução e Genética,Biologia,3,anual,1,60.0,2.0,1.0
Téc. Meio Ambiente (EMI),Língua Portuguesa e Literatura,Língua Portuguesa e Literatura,3,anual,1,60.0,2.0,1.0
Téc. Meio Ambiente (EMI),Educação Física,Educação Física,3,anual,1,40.0,2.0,1.0
Téc. Meio Ambiente (EMI),Matemática,Matemática,3,anual,1,40.0,2.0,1.0
Téc. Meio Ambiente (EMI),Física,Física,3,anual,1,40.0,2.0,1.0
Téc. Meio Ambiente (EMI),Química,Química,3,anual,1,40.0,2.0,1.0
Téc. Meio Ambiente (EMI),História,História,3,anual,1,20.0,2.0,1.0
Téc. Meio Ambiente (EMI),Geografia,Geografia,3,anual,1,20.0,2.0,1.0
Téc. Meio Ambiente (EMI),Sociologia,Sociologia,3,anual,1,20.0,2.0,1.0
Téc. Meio Ambiente (EMI),Filosofia,Filosofia,3,anual,1,20.0,2.0,1.0
Téc. Meio Ambiente (EMI),LEM Inglês,LEM Inglês,3,anual,1,60.0,2.0,1.0
Téc. Meio Ambiente (EMI),Prática Profissional III,Tec Ambiente,3,anual,1,40.0,2.0,1.0
Téc. Meio Ambiente (EMI),Saneamento Ambiental II,Tec Ambiente,3,anual,2,60.0,2.0,1.0
Téc. Meio Ambiente (EMI),Segurança do Trabalho,Tec Ambiente,3,anual,2,60.0,2.0,1.0
Téc. Meio Ambiente (EMI),"Empreendedorismo, Inovação e Sustentabilidade",Gestão,3,anual,2,60.0,2.0,1.0
Téc. Meio Ambiente (EMI),Língua Portuguesa e Literatura,Língua Portuguesa e Literatura,3,anual,2,60.0,2.0,1.0
Téc. Meio Ambiente (EMI),Educação Física,Educação Física,3,anual,2,40.0,2.0,1.0
Téc. Meio Ambiente (EMI),Matemática,Matemática,3,anual,2,60.0,2.0,1.0
Téc. Meio Ambiente (EMI),Física,Física,3,anual,2,60.0,2.0,1.0
Téc. Meio Ambiente (EMI),Química,Química,3,anual,2,40.0,2.0,1.0
Téc. Meio Ambiente (EMI),História,História,3,anual,2,40.0,2.0,1.0
Téc. Meio Ambiente (EMI),Geografia,Geografia,3,anual,2,40.0,2.0,1.0
Téc. Meio Ambiente (EMI),Sociologia,Sociologia,3,anual,2,40.0,2.0,1.0
Téc. Meio Ambiente (EMI),Filosofia,Filosofia,3,anual,2,40.0,2.0,1.0
Téc. Meio Ambiente (EMI),LEM Espanhol,LEM Espanhol,3,anual,2,40.0,2.0,1.0
Téc. Meio Ambiente (EMI),Prática Profissional III,Tec Ambiente,3,anual,2,40.0,2.0,1.0
Téc. Manut. Automotiva (EMI),Língua Portuguesa e Literatura,Língua Portuguesa e Literatura,1,anual,1,80.0,2.0,1.0
Téc. Manut. Automotiva (EMI),LEM Inglês,LEM Inglês,1,anual,1,40.0,2.0,1.0
Téc. Manut. Automotiva (EMI),LEM Espanhol,LEM Espanhol,1,anual,1,40.0,2.0,1.0
Téc. Manut. Automotiva (EMI),Educação Física,Educação Física,1,anual,1,20.0,2.0,1.0
Téc. Manut. Automotiva (EMI),Matemática,Matemática,1,anual,1,80.0,2.0,1.0
Téc. Manut. Automotiva (EMI),Química,Química,1,anual,1,40.0,2.0,1.0
Téc. Manut. Automotiva (EMI),Biologia,Biologia,1,anual,1,40.0,2.0,1.0
Téc. Manut. Automotiva (EMI),História,História,1,anual,1,40.0,2.0,1.0
Téc. Manut. Automotiva (EMI),Geografia,Geografia,1,anual,1,40.0,2.0,1.0
Téc. Manut. Automotiva (EMI),Sociologia,Sociologia,1,anual,1,40.0,2.0,1.0
Téc. Manut. Automotiva (EMI),Filosofia,Filosofia,1,anual,1,40.0,2.0,1.0
Téc. Manut. Automotiva (EMI),Atividades Integradoras,,1,anual,1,40.0,2.0,1.0
Téc. Manut. Automotiva (EMI),Introdução aos sistemas automotivos,Tec Automotiva,1,anual,1,32.0,2.0,1.0
Téc. Manut. Automotiva (EMI),Física,Física,1,anual,1,60.0,2.0,1.0
Téc. Manut. Automotiva (EMI),Informática,Informática,1,anual,1,36.0,2.0,1.0
Téc. Manut. Automotiva (EMI),Língua Portuguesa e Literatura,Língua Portuguesa e Literatura,1,anual,2,80.0,2.0,1.0
Téc. Manut. Automotiva (EMI),LEM Inglês,LEM Inglês,1,anual,2,40.0,2.0,1.0
Téc. Manut. Automotiva (EMI),LEM Espanhol,LEM Espanhol,1,anual,2,40.0,2.0,1.0
Téc. Manut. Automotiva (EMI),Artes,Artes,1,anual,2,40.0,2.0,1.0
Téc. Manut. Automotiva (EMI),Educação Física,Educação Física,1,anual,2,20.0,2.0,1.0
Téc. Manut. Automotiva (EMI),Matemática,Matemática,1,anual,2,80.0,2.0,1.0
Téc. Manut. Automotiva (EMI),Química,Química,1,anual,2,40.0,2.0,1.0
Téc. Manut. Automotiva (EMI),Biologia,Biologia,1,anual,2,40.0,2.0,1.0
Téc. Manut. Automotiva (EMI),História,História,1,anual,2,40.0,2.0,1.0
Téc. Manut. Automotiva (EMI),Geografia,Geografia,1,anual,2,40.0,2.0,1.0
Téc. Manut. Automotiva (EMI),Sociologia,Sociologia,1,anual,2,40.0,2.0,1.0
Téc. Manut. Automotiva (EMI),Filosofia,Filosofia,1,anual,2,40.0,2.0,1.0
Téc. Manut. Automotiva (EMI),Atividades Integradoras,,1,anual,2,40.0,2.0,1.0
Téc. Manut. Automotiva (EMI),Física,Física,1,anual,2,80.0,2.0,1.0
Téc. Manut. Automotiva (EMI),Informática,Informática,1,anual,2,36.0,2.0,1.0
Téc. Manut. Automotiva (EMI),Língua Portuguesa e Literatura,Língua Portuguesa e Literatura,2,anual,1,60.0,1.0,1.0
Téc. Manut. Automotiva (EMI),LEM Inglês,LEM Inglês,2,anual,1,40.0,1.0,1.0
Téc. Manut. Automotiva (EMI),Educação Física,Educação Física,2,anual,1,20.0,1.0,1.0
Téc. Manut. Automotiva (EMI),Matemática,Matemática,2,anual,1,60.0,1.0,1.0
Téc. Manut. Automotiva (EMI),Química,Química,2,anual,1,40.0,1.0,1.0
Téc. Manut. Automotiva (EMI),Biologia,Biologia,2,anual,1,40.0,1.0,1.0
Téc. Manut. Automotiva (EMI),História,História,2,anual,1,40.0,1.0,1.0
Téc. Manut. Automotiva (EMI),Geografia,Geografia,2,anual,1,40.0,1.0,1.0
Téc. Manut. Automotiva (EMI),Filosofia,Filosofia,2,anual,1,40.0,1.0,1.0
Téc. Manut. Automotiva (EMI),Atividades Integradoras,,2,anual,1,20.0,1.0,1.0
Téc. Manut. Automotiva (EMI),Física,Física,2,anual,1,40.0,1.0,1.0
Téc. Manut. Automotiva (EMI),Fundamentos da Eletricidade Automotiva,Tec Automotiva,2,anual,1,36.0,1.0,1.0
Téc. Manut. Automotiva (EMI),Combustíveis e Lubrificantes,Tec Automotiva,2,anual,1,36.0,1.0,1.0
Téc. Manut. Automotiva (EMI),Elementos de Máquinas,Tec Automotiva,2,anual,1,36.0,1.0,1.0
Téc. Manut. Automotiva (EMI),Fundamentos da Hidráulica e Pneumática,Tec Automotiva,2,anual,1,36.0,1.0,1.0
Téc. Manut. Automotiva (EMI),Metrologia,Tec Automotiva,2,anual,1,36.0,1.0,1.0
Téc. Manut. Automotiva (EMI),Tecnologia Mecânica,Tec Automotiva,2,anual,1,72.0,1.0,1.0
Téc. Manut. Automotiva (EMI),Segurança no trabalho,Tec Automotiva,2,anual,1,36.0,1.0,1.0
Téc. Manut. Automotiva (EMI),Língua Portuguesa e Literatura,Língua Portuguesa e Literatura,2,anual,2,60.0,1.0,1.0
Téc. Manut. Automotiva (EMI),LEM Inglês,LEM Inglês,2,anual,2,40.0,1.0,1.0
Téc. Manut. Automotiva (EMI),Artes,Artes,2,anual,2,40.0,1.0,1.0
Téc. Manut. Automotiva (EMI),Educação Física,Educação Física,2,anual,2,20.0,1.0,1.0
Téc. Manut. Automotiva (EMI),Matemática,Matemática,2,anual,2,60.0,1.0,1.0
Téc. Manut. Automotiva (EMI),Química,Química,2,anual,2,40.0,1.0,1.0
Téc. Manut. Automotiva (EMI),Biologia,Biologia,2,anual,2,40.0,1.0,1.0
Téc. Manut. Automotiva (EMI),História,História,2,anual,2,40.0,1.0,1.0
Téc. Manut. Automotiva (EMI),Geografia,Geografia,2,anual,2,40.0,1.0,1.0
Téc. Manut. Automotiva (EMI),Sociologia,Sociologia,2,anual,2,40.0,1.0,1.0
Téc. Manut. Automotiva (EMI),Atividades Integradoras,,2,anual,2,20.0,1.0,1.0
Téc. Manut. Automotiva (EMI),Física,Física,2,anual,2,40.0,1.0,1.0
Téc. Manut. Automotiva (EMI),Eletroeletrônica Automotiva 1,Tec Automotiva,2,anual,2,72.0,1.0,2.0
Téc. Manut. Automotiva (EMI),Sistemas automotivos 1,Tec Automotiva,2,anual,2,72.0,1.0,1.0
Téc. Manut. Automotiva (EMI),Manutenção de Sistemas Automotivos 1,Tec Automotiva,2,anual,2,108.0,1.0,3.0
Téc. Manut. Automotiva (EMI),Língua Portuguesa e Literatura,Língua Portuguesa e Literatura,3,anual,1,40.0,2.0,1.0
Téc. Manut. Automotiva (EMI),LEM Inglês,LEM Inglês,3,anual,1,20.0,2.0,1.0
Téc. Manut. Automotiva (EMI),Educação Física,Educação Física,3,anual,1,40.0,2.0,1.0
Téc. Manut. Automotiva (EMI),Matemática,Matemática,3,anual,1,40.0,2.0,1.0
Téc. Manut. Automotiva (EMI),Química,Química,3,anual,1,40.0,2.0,1.0
Téc. Manut. Automotiva (EMI),Biologia,Biologia,3,anual,1,40.0,2.0,1.0
Téc. Manut. Automotiva (EMI),História,História,3,anual,1,40.0,2.0,1.0
Téc. Manut. Automotiva (EMI),Geografia,Geografia,3,anual,1,40.0,2.0,1.0
Téc. Manut. Automotiva (EMI),Sociologia,Sociologia,3,anual,1,40.0,2.0,1.0
Téc. Manut. Automotiva (EMI),Projeto de Prática Profissional 1,Tec Automotiva,3,anual,1,36.0,2.0,1.0
Téc. Manut. Automotiva (EMI),Atividades Integradoras,,3,anual,1,20.0,2.0,1.0
Téc. Manut. Automotiva (EMI),Eletroeletrônica Automotiva 2,Tec Automotiva,3,anual,1,72.0,2.0,1.0
Téc. Manut. Automotiva (EMI),Motores de Combustão Interna,Tec Automotiva,3,anual,1,72.0,2.0,1.0
Téc. Manut. Automotiva (EMI),Sistemas Automotivos 2,Tec Automotiva,3,anual,1,72.0,2.0,1.0
Téc. Manut. Automotiva (EMI),Manutenção de Sistemas Automotivos 2,Tec Automotiva,3,anual,1,108.0,2.0,1.0
Téc. Manut. Automotiva (EMI),Língua Portuguesa e Literatura,Língua Portuguesa e Literatura,3,anual,2,40.0,2.0,1.0
Téc. Manut. Automotiva (EMI),LEM Inglês,LEM Inglês,3,anual,2,20.0,2.0,1.0
Téc. Manut. Automotiva (EMI),Artes,Artes,3,anual,2,40.0,2.0,1.0
Téc. Manut. Automotiva (EMI),Educação Física,Educação Física,3,anual,2,40.0,2.0,1.0
Téc. Manut. Automotiva (EMI),Matemática,Matemática,3,anual,2,40.0,2.0,1.0
Téc. Manut. Automotiva (EMI),Química,Química,3,anual,2,40.0,2.0,1.0
Téc. Manut. Automotiva (EMI),Biologia,Biologia,3,anual,2,40.0,2.0,1.0
Téc. Manut. Automotiva (EMI),História,História,3,anual,2,40.0,2.0,1.0
Téc. Manut. Automotiva (EMI),Geografia,Geografia,3,anual,2,40.0,2.0,1.0
Téc. Manut. Automotiva (EMI),Filosofia,Filosofia,3,anual,2,40.0,2.0,1.0
Téc. Manut. Automotiva (EMI),Projeto de Prática Profissional 2,Tec Automotiva,3,anual,2,36.0,2.0,1.0
Téc. Manut. Automotiva (EMI),Atividades Integradoras,,3,anual,2,20.0,2.0,1.0
Téc. Manut. Automotiva (EMI),Eletroeletrônica Automotiva 3,Tec Automotiva,3,anual,2,36.0,2.0,1.0
Téc. Manut. Automotiva (EMI),Empreendedorismo,Gestão,3,anual,2,36.0,2.0,1.0
Téc. Manut. Automotiva (EMI),Sistemas Automotivos 3,Tec Automotiva,3,anual,2,72.0,2.0,1.0
Téc. Manut. Automotiva (EMI),Manutenção de Sistemas Automotivos 3,Tec Automotiva,3,anual,2,108.0,2.0,2.0
Téc. Mecânica Auto. (Sub.),Fundamentos da Eletricidade Automotiva,Tec Automotiva,1,semestral,,36.0,1.0,1.0
Téc. Mecânica Auto. (Sub.),Fundamentos da Mecânica Automotiva,Tec Automotiva,1,semestral,,36.0,1.0,1.0
Téc. Mecânica Auto. (Sub.),Segurança no Trabalho,Tec Automotiva,1,semestral,,36.0,1.0,1.0
Téc. Mecânica Auto. (Sub.),Informática Instrumental,Informática,1,semestral,,36.0,1.0,1.0
Téc. Mecânica Auto. (Sub.),Tecnologia Mecânica,Tec Automotiva,1,semestral,,36.0,1.0,1.0
Téc. Mecânica Auto. (Sub.),Metrologia,Tec Automotiva,1,semestral,,36.0,1.0,1.0
Téc. Mecânica Auto. (Sub.),Matemática Instrumental,Matemática,1,semestral,,72.0,1.0,1.0
Téc. Mecânica Auto. (Sub.),Português Instrumental,Língua Portuguesa e Literatura,1,semestral,,36.0,1.0,1.0
Téc. Mecânica Auto. (Sub.),Inglês Instrumental,LEM Inglês,1,semestral,,36.0,1.0,1.0
Téc. Mecânica Auto. (Sub.),Eletroeletrônica Automotiva 1,Tec Automotiva,1,semestral,,72.0,1.0,1.0
Téc. Mecânica Auto. (Sub.),Sistemas Automotivos 1,Tec Automotiva,1,semestral,,72.0,1.0,1.0
Téc. Mecânica Auto. (Sub.),Manutenção de Sistemas Automotivos 1,Tec Automotiva,1,semestral,,108.0,1.0,2.0
Téc. Mecânica Auto. (Sub.),Fundamentos da Hidráulica e Pneumática,Tec Automotiva,1,semestral,,36.0,1.0,1.0
Téc. Mecânica Auto. (Sub.),Elementos de Máquinas,Tec Automotiva,1,semestral,,36.0,1.0,1.0
Téc. Mecânica Auto. (Sub.),Combustíveis e Lubrificantes,Tec Automotiva,1,semestral,,36.0,1.0,1.0
Téc. Mecânica Auto. (Sub.),Projeto Integrador 1,Tec Automotiva,2,semestral,,36.0,1.0,1.0
Téc. Mecânica Auto. (Sub.),Eletroeletrônica Automotiva 2,Tec Automotiva,2,semestral,,36.0,1.0,1.0
Téc. Mecânica Auto. (Sub.),Sistemas Automotivos 2,Tec Automotiva,2,semestral,,72.0,1.0,1.0
Téc. Mecânica Auto. (Sub.),Motores de Combustão Interna,Tec Automotiva,2,semestral,,72.0,1.0,1.0
Téc. Mecânica Auto. (Sub.),Manutenção de Sistemas Automotivos 2,Tec Automotiva,2,semestral,,108.0,1.0,2.0
Téc. Mecânica Auto. (Sub.),Meio Ambiente,Tec Ambiente,2,semestral,,18.0,1.0,1.0
Téc. Mecânica Auto. (Sub.),Gestão da Qualidade,Gestão,2,semestral,,18.0,1.0,1.0
Téc. Mecânica Auto. (Sub.),Projeto Integrador 2,Tec Automotiva,2,semestral,,36.0,1.0,1.0
Téc. Mecânica Auto. (Sub.),Eletroeletrônica Automotiva 3,Tec Automotiva,2,semestral,,72.0,1.0,1.0
Téc. Mecânica Auto. (Sub.),Sistemas Automotivos 3,Tec Automotiva,2,semestral,,72.0,1.0,1.0
Téc. Mecânica Auto. (Sub.),Manutenção de Sistemas Automotivos 3,Tec Automotiva,2,semestral,,108.0,1.0,2.0
Téc. Mecânica Auto. (Sub.),Ética e Relações Interpessoais,Filosofia,2,semestral,,36.0,1.0,1.0
Téc. Mecânica Auto. (Sub.),Empreendedorismo,Gestão,2,semestral,,36.0,1.0,1.0
PROEJA Meio Ambiente,Informática Básica,Informática,1,anual,1,52.0,1.0,1.0
PROEJA Meio Ambiente,Educação para Sustentabilidade,Tec Ambiente,1,anual,1,72.0,1.0,1.0
PROEJA Meio Ambiente,Ecoturismo,Tec Ambiente,1,anual,1,84.0,1.0,1.0
PROEJA Meio Ambiente,Prática Profissional Integrada 1,,1,anual,1,64.0,1.0,1.0
PROEJA Meio Ambiente,Biologia 1,Biologia,1,anual,1,72.0,1.0,1.0
PROEJA Meio Ambiente,Matemática e suas Tecnologias 1,Matemática,1,anual,1,72.0,1.0,1.0
PROEJA Meio Ambiente,Língua Portuguesa 1,Língua Portuguesa e Literatura,1,anual,1,52.0,1.0,1.0
PROEJA Meio Ambiente,Sociologia,Sociologia,1,anual,1,52.0,1.0,1.0
PROEJA Meio Ambiente,Empreendedorismo e Economia Solidária,Gestão,1,anual,2,52.0,1.0,1.0
PROEJA Meio Ambiente,Legislação Ambiental,Tec Ambiente,1,anual,2,72.0,1.0,1.0
PROEJA Meio Ambiente,Saúde e Segurança do Trabalho,Tec Ambiente,1,anual,2,72.0,1.0,1.0
PROEJA Meio Ambiente,Prática Profissional Integrada 2,,1,anual,2,64.0,1.0,1.0
PROEJA Meio Ambiente,Química 1,Química,1,anual,2,72.0,1.0,1.0
PROEJA Meio Ambiente,Matemática e suas Tecnologias 2,Matemática,1,anual,2,52.0,1.0,1.0
PROEJA Meio Ambiente,Educação Física,Educação Física,1,anual,2,32.0,1.0,1.0
PROEJA Meio Ambiente,Língua Portuguesa 2,Língua Portuguesa e Literatura,1,anual,2,52.0,1.0,1.0
PROEJA Meio Ambiente,Filosofia,Filosofia,1,anual,2,52.0,1.0,1.0
PROEJA Meio Ambiente,Tratamento de Água de Abastecimento,Tec Ambiente,2,anual,1,72.0,1.0,1.0
PROEJA Meio Ambiente,Tratamento de Águas Residuárias,Tec Ambiente,2,anual,1,72.0,1.0,1.0
PROEJA Meio Ambiente,Solos e Meio Ambiente,Tec Ambiente,2,anual,1,64.0,1.0,1.0
PROEJA Meio Ambiente,Prática Profissional Integrada 3,,2,anual,1,64.0,1.0,1.0
PROEJA Meio Ambiente,Química 2,Química,2,anual,1,72.0,1.0,1.0
PROEJA Meio Ambiente,Matemática e suas Tecnologias 3,Matemática,2,anual,1,72.0,1.0,1.0
PROEJA Meio Ambiente,Língua Portuguesa 3,Língua Portuguesa e Literatura,2,anual,1,52.0,1.0,1.0
PROEJA Meio Ambiente,Geografia 1,Geografia,2,anual,1,52.0,1.0,1.0
PROEJA Meio Ambiente,Gerenciamento de Resíduos Sólidos,Tec Ambiente,2,anual,2,72.0,1.0,1.0
PROEJA Meio Ambiente,Recuperação de Áreas Degradadas e Conservação,Tec Ambiente,2,anual,2,72.0,1.0,1.0
PROEJA Meio Ambiente,Recursos Hídricos,Tec Ambiente,2,anual,2,52.0,1.0,1.0
PROEJA Meio Ambiente,Prática Profissional Integrada 4,,2,anual,2,52.0,1.0,1.0
PROEJA Meio Ambiente,Biologia 2,Biologia,2,anual,2,72.0,1.0,1.0
PROEJA Meio Ambiente,Matemática e suas Tecnologias 4,Matemática,2,anual,2,52.0,1.0,1.0
PROEJA Meio Ambiente,Inglês Instrumental,LEM Inglês,2,anual,2,44.0,1.0,1.0
PROEJA Meio Ambiente,Língua Portuguesa 4,Língua Portuguesa e Literatura,2,anual,2,52.0,1.0,1.0
PROEJA Meio Ambiente,Geografia 2,Geografia,2,anual,2,52.0,1.0,1.0
PROEJA Meio Ambiente,Gestão Ambiental,Tec Ambiente,3,anual,1,72.0,1.0,1.0
PROEJA Meio Ambiente,Avaliação de Impactos Ambientais,Tec Ambiente,3,anual,1,72.0,1.0,1.0
PROEJA Meio Ambiente,Cartografia e Geoprocessamento,Tec Ambiente,3,anual,1,52.0,1.0,1.0
PROEJA Meio Ambiente,Prática Profissional Integrada 5,,3,anual,1,52.0,1.0,1.0
PROEJA Meio Ambiente,Física,Física,3,anual,1,72.0,1.0,1.0
PROEJA Meio Ambiente,Matemática e suas Tecnologias 5,Matemática,3,anual,1,72.0,1.0,1.0
PROEJA Meio Ambiente,Língua Portuguesa 5,Língua Portuguesa e Literatura,3,anual,1,72.0,1.0,1.0
PROEJA Meio Ambiente,História,História,3,anual,1,52.0,1.0,1.0
Lic. Educação Física,Fundamentos históricos e antropológicos da Educação Física,Educação Física,1,anual,1,72.0,1.0,1.0
Lic. Educação Física,Biologia celular e bioquímica aplicada à Educação Física,Educação Física,1,anual,1,72.0,1.0,1.0
Lic. Educação Física,Educação Física e Ética Profissional,Educação Física,1,anual,1,72.0,1.0,1.0
Lic. Educação Física,Esportes de Marca,Educação Física,1,anual,1,72.0,1.0,1.0
Lic. Educação Física,Práticas Integradoras I,Educação Física,1,anual,1,48.0,1.0,1.0
Lic. Educação Física,Ritmo e danças,Educação Física,1,anual,1,72.0,1.0,1.0
Lic. Educação Física,Orientação de estágio curricular supervisionado I,Educação Física,1,anual,1,18.0,1.0,1.0
Lic. Educação Física,Estágio curricular supervisionado in loco,Educação Física,1,anual,1,36.0,1.0,1.0
Lic. Educação Física,Metodologia Científica,Educação Física,1,anual,2,72.0,1.0,1.0
Lic. Educação Física,Leitura e Produção de Textos,Língua Portuguesa e Literatura,1,anual,2,72.0,1.0,1.0
Lic. Educação Física,Anatomia e fisiologia Humana,Educação Física,1,anual,2,72.0,1.0,1.0
Lic. Educação Física,Práticas corporais de aventura,Educação Física,1,anual,2,72.0,1.0,1.0
Lic. Educação Física,Lutas e esportes de combate,Educação Física,1,anual,2,72.0,1.0,1.0
Lic. Educação Física,Práticas Integradoras II,Educação Física,1,anual,2,48.0,1.0,1.0
Lic. Educação Física,Orientação de estágio curricular supervisionado II,Educação Física,1,anual,2,18.0,1.0,1.0
Lic. Educação Física,Estágio curricular supervisionado in loco,Educação Física,1,anual,2,36.0,1.0,1.0
Lic. Educação Física,Bioestatística,Educação Física,2,anual,1,72.0,1.0,1.0
Lic. Educação Física,Inglês para a educação física,LEM Inglês,2,anual,1,48.0,1.0,1.0
Lic. Educação Física,Cinesiologia e biomecânica,Educação Física,2,anual,1,72.0,1.0,1.0
Lic. Educação Física,Esportes de Rede,Educação Física,2,anual,1,72.0,1.0,1.0
Lic. Educação Física,Esportes de Invasão,Educação Física,2,anual,1,72.0,1.0,1.0
Lic. Educação Física,Práticas Integradoras III,Educação Física,2,anual,1,48.0,1.0,1.0
Lic. Educação Física,Orientação de estágio curricular supervisionado III,Educação Física,2,anual,1,18.0,1.0,1.0
Lic. Educação Física,Estágio curricular supervisionado in loco,Educação Física,2,anual,1,36.0,1.0,1.0
Lic. Educação Física,Ginásticas e Condicionamento Físico,Educação Física,2,anual,2,72.0,1.0,1.0
Lic. Educação Física,Atividades aquáticas,Educação Física,2,anual,2,72.0,1.0,1.0
Lic. Educação Física,Fisiologia do Exercício,Educação Física,2,anual,2,72.0,1.0,1.0
Lic. Educação Física,Medidas e avaliação em Educação Física,Educação Física,2,anual,2,72.0,1.0,1.0
Lic. Educação Física,Práticas Integradoras IV,Educação Física,2,anual,2,48.0,1.0,1.0
Lic. Educação Física,Socorros de urgência,Educação Física,2,anual,2,48.0,1.0,1.0
Lic. Educação Física,Orientação de estágio curricular supervisionado IV,Educação Física,2,anual,2,18.0,1.0,1.0
Lic. Educação Física,Estágio curricular supervisionado in loco,Educação Física,2,anual,2,36.0,1.0,1.0
Lic. Educação Física,Fundamentos da Educação,Educação Física,3,anual,1,72.0,1.0,1.0
Lic. Educação Física,Didática,Educação Física,3,anual,1,72.0,1.0,1.0
Lic. Educação Física,Informática e linguagens digitais,Informática,3,anual,1,48.0,1.0,1.0
Lic. Educação Física,Educação Física inclusiva,Educação Física,3,anual,1,72.0,1.0,1.0
Lic. Educação Física,Treinamento Desportivo,Educação Física,3,anual,1,72.0,1.0,1.0
Lic. Educação Física,"Práticas de Ensino, Pesquisa e Extensão I",Educação Física,3,anual,1,72.0,1.0,1.0
Lic. Educação Física,Orientação de estágio curricular supervisionado V,Educação Física,3,anual,1,18.0,1.0,1.0
Lic. Educação Física,Estágio curricular supervisionado in loco,Educação Física,3,anual,1,48.0,1.0,1.0
Lic. Educação Física,Psicologia da Educação,Educação Física,3,anual,2,72.0,1.0,1.0
Lic. Educação Física,Aspectos étnicos e socioculturais na Educação Física e Esportes,Educação Física,3,anual,2,48.0,1.0,1.0
Lic. Educação Física,Língua Brasileira de Sinais,Libras,3,anual,2,48.0,1.0,1.0
Lic. Educação Física,Pedagogia do esporte e do exercício,Educação Física,3,anual,2,72.0,1.0,1.0
Lic. Educação Física,"Recreação, jogos e brincadeiras",Educação Física,3,anual,2,72.0,1.0,1.0
Lic. Educação Física,"Práticas de Ensino, Pesquisa e Extensão II",Educação Física,3,anual,2,72.0,1.0,1.0
Lic. Educação Física,Orientação de estágio curricular supervisionado VI,Educação Física,3,anual,2,18.0,1.0,1.0
Lic. Educação Física,Estágio curricular supervisionado in loco,Educação Física,3,anual,2,48.0,1.0,1.0
Lic. Educação Física,"Crescimento, desenvolvimento e aprendizagem humana",Educação Física,4,anual,1,72.0,1.0,1.0
Lic. Educação Física,Elaboração de projeto de pesquisa,Educação Física,4,anual,1,72.0,1.0,1.0
Lic. Educação Física,Metodologia da Educação Física na educação infantil e ensino fundamental,Educação Física,4,anual,1,72.0,1.0,1.0
Lic. Educação Física,Epidemiologia e saúde coletiva,Educação Física,4,anual,1,72.0,1.0,1.0
Lic. Educação Física,"Práticas de Ensino, Pesquisa e Extensão III",Educação Física,4,anual,1,72.0,1.0,1.0
Lic. Educação Física,Orientação de estágio curricular supervisionado VII,Educação Física,4,anual,1,18.0,1.0,1.0
Lic. Educação Física,Estágio curricular supervisionado in loco,Educação Física,4,anual,1,48.0,1.0,1.0
Lic. Educação Física,Fundamentos de gestão aplicados à educação,Educação Física,4,anual,2,72.0,1.0,1.0
Lic. Educação Física,Política e organização da educação brasileira,Educação Física,4,anual,2,72.0,1.0,1.0
Lic. Educação Física,Metodologia da Educação Física no ensino médio e educação de jovens e adultos,Educação Física,4,anual,2,72.0,1.0,1.0
Lic. Educação Física,"Nutrição, exercício e saúde",Educação Física,4,anual,2,72.0,1.0,1.0
Lic. Educação Física,Trabalho de conclusão de curso,Educação Física,4,anual,2,48.0,1.0,1.0
Lic. Educação Física,Orientação de estágio curricular supervisionado VIII,Educação Física,4,anual,2,18.0,1.0,1.0
Lic. Educação Física,Estágio curricular supervisionado in loco,Educação Física,4,anual,2,48.0,1.0,1.0
Lic. Matemática,Fundamentos da Matemática,Matemática,1,semestral,,96.0,1.0,1.0
Lic. Matemática,Construção Algébrica de Funções,Matemática,1,semestral,,72.0,1.0,1.0
Lic. Matemática,Sistemas Lineares e Vetores,Matemática,1,semestral,,48.0,1.0,1.0
Lic. Matemática,Tendências no Ensino de Matemática,Matemática,1,semestral,,96.0,1.0,1.0
Lic. Matemática,Educação para Relações Étnico-Raciais,História,1,semestral,,48.0,1.0,1.0
Lic. Matemática,Linguagem e Produção de Textos,Língua Portuguesa e Literatura,1,semestral,,72.0,1.0,1.0
Lic. Matemática,Estágio Supervisionado I,Matemática,1,semestral,,48.0,1.0,1.0
Lic. Matemática,Cálculo I,Matemática,1,semestral,,96.0,1.0,1.0
Lic. Matemática,Geometria Analítica e Vetores,Matemática,1,semestral,,72.0,1.0,1.0
Lic. Matemática,Metodologia do Ensino de Matemática I,Matemática,1,semestral,,96.0,1.0,1.0
Lic. Matemática,Metodologia Científica,,1,semestral,,72.0,1.0,1.0
Lic. Matemática,História da Educação,Matemática,1,semestral,,72.0,1.0,1.0
Lic. Matemática,Atividades Extensionistas I,Matemática,1,semestral,,72.0,1.0,1.0
Lic. Matemática,Cálculo II,Matemática,2,semestral,,96.0,1.0,1.0
Lic. Matemática,Geometria I,Matemática,2,semestral,,72.0,1.0,1.0
Lic. Matemática,Álgebra Linear,Matemática,2,semestral,,72.0,1.0,1.0
Lic. Matemática,Metodologia do Ensino de Matemática II,Matemática,2,semestral,,96.0,1.0,1.0
Lic. Matemática,Didática,Pedagogia,2,semestral,,72.0,1.0,1.0
Lic. Matemática,Estágio Supervisionado II,Matemática,2,semestral,,72.0,1.0,1.0
Lic. Matemática,Cálculo III,Matemática,2,semestral,,96.0,1.0,1.0
Lic. Matemática,Geometria II,Matemática,2,semestral,,72.0,1.0,1.0
Lic. Matemática,Análise Exploratória de Dados,Matemática,2,semestral,,48.0,1.0,1.0
Lic. Matemática,Pensamento Computacional e Algoritmos,Matemática,2,semestral,,72.0,1.0,1.0
Lic. Matemática,Sociologia da Educação,Sociologia,2,semestral,,72.0,1.0,1.0
Lic. Matemática,Organização da Educação do Brasil,Pedagogia,2,semestral,,72.0,1.0,1.0
Lic. Matemática,Atividades Extensionistas II,Matemática,2,semestral,,72.0,1.0,1.0
Lic. Matemática,Teoria dos Números,Matemática,3,semestral,,96.0,1.0,1.0
Lic. Matemática,Equações Diferenciais Ordinárias,Matemática,3,semestral,,72.0,1.0,1.0
Lic. Matemática,Avaliação da/para Aprendizagem Matemática,Matemática,3,semestral,,96.0,1.0,1.0
Lic. Matemática,"Currículo, Avaliação e Gestão Educacional",Pedagogia,3,semestral,,72.0,1.0,1.0
Lic. Matemática,Psicologia da Educação,Pedagogia,3,semestral,,72.0,1.0,1.0
Lic. Matemática,Estágio Supervisionado III,Matemática,3,semestral,,120.0,1.0,1.0
Lic. Matemática,Física I,Física,3,semestral,,96.0,1.0,1.0
Lic. Matemática,Álgebra,Matemática,3,semestral,,72.0,1.0,1.0
Lic. Matemática,Cálculo de Probabilidades,Matemática,3,semestral,,72.0,1.0,1.0
Lic. Matemática,Técnicas de Programação,Matemática,3,semestral,,48.0,1.0,1.0
Lic. Matemática,Elaboração de Projeto de Pesquisa de Conclusão de Curso,Matemática,3,semestral,,48.0,1.0,1.0
Lic. Matemática,Filosofia da Educação,Filosofia,3,semestral,,72.0,1.0,1.0
Lic. Matemática,Atividades Extensionistas III,Matemática,3,semestral,,72.0,1.0,1.0
Lic. Matemática,Análise Real,Matemática,4,semestral,,96.0,1.0,1.0
Lic. Matemática,Análise Numérica,Matemática,4,semestral,,72.0,1.0,1.0
Lic. Matemática,Inferência Estatística,Matemática,4,semestral,,72.0,1.0,1.0
Lic. Matemática,Ciência de Dados e Inteligência Artificial,Matemática,4,semestral,,72.0,1.0,1.0
Lic. Matemática,Inglês Instrumental,LEM Inglês,4,semestral,,72.0,1.0,1.0
Lic. Matemática,Estágio Supervisionado IV,Matemática,4,semestral,,120.0,1.0,1.0
Lic. Matemática,Optativa 1,Matemática,4,semestral,,48.0,1.0,1.0
Lic. Matemática,Variáveis Complexas,Matemática,4,semestral,,96.0,1.0,1.0
Lic. Matemática,História da Matemática,Matemática,4,semestral,,48.0,1.0,1.0
Lic. Matemática,Libras,Libras,4,semestral,,48.0,1.0,1.0
Lic. Matemática,Trabalho de Conclusão de Curso,Matemática,4,semestral,,48.0,1.0,1.0
Lic. Matemática,Atividades Extensionistas IV,Matemática,4,semestral,,72.0,1.0,1.0
Lic. Matemática,Estágio Supervisionado V,Matemática,4,semestral,,120.0,1.0,1.0
Lic. Matemática,Optativa 2,Matemática,4,semestral,,48.0,1.0,1.0
Esp. Educ. Matemática,Metodologia da Pesquisa,Matemática,1,anual,1,36.0,1.0,1.0
Esp. Educ. Matemática,Análise Exploratória de Dados,Matemática,1,anual,1,36.0,1.0,1.0
Esp. Educ. Matemática,Tendências no Ensino da Matemática,Matemática,1,anual,1,36.0,1.0,1.0
Esp. Educ. Matemática,Estudo de Funções,Matemática,1,anual,1,36.0,1.0,1.0
Esp. Educ. Matemática,Aplicações pedagógicas dos smartphones para Educação Matemática,Matemática,1,anual,1,36.0,1.0,1.0
Esp. Educ. Matemática,TCC I,Matemática,1,anual,1,36.0,1.0,1.0
Esp. Educ. Matemática,Optativa 1,Matemática,1,anual,2,36.0,1.0,1.0
Esp. Educ. Matemática,Optativa 2,Matemática,1,anual,2,36.0,1.0,1.0
Esp. Educ. Matemática,Optativa 3,Matemática,1,anual,2,36.0,1.0,1.0
Esp. Educ. Matemática,Optativa 4,Matemática,1,anual,2,36.0,1.0,1.0
Esp. Educ. Matemática,Optativa 5,Matemática,1,anual,2,36.0,1.0,1.0
Esp. Educ. Matemática,TCC II,Matemática,1,anual,2,36.0,1.0,1.0
